{
	"type": "ItemTurret",
	"name": "Anti Aircraft Gun",
	"description": "Shoots down flying units.",
	"health": 400,
	"size": 2,
	"reload": 24,
	"range": 300,
	"ammoUseEffect": "shellEjectSmall",
	"inaccuracy": 5,
	"rotatespeed": 30,
	"targetGround": false,
	"ammo": {
		"lead-shell": {
			type: "FlakBulletType",
			lifetime: 100,
			speed: 4,
			hitSound: "explosion"
		}
	},
	"requirements": [
		{ "item": "copper", "amount": 100 },
		{ "item": "lead", "amount": 100 },
		{ "item": "steel", "amount": 50 }
	],
	"category": "turret",
	"research": "ammo-factory-lead"
}
