{
	"type": "GenericSmelter",
	"name": "Alloy Furnace (Steel)",
	"description": "Turns coal and iron into steel.",
	"outputItem": {"item": "steel", "amount": 1},
	"size": 2,
	"hasPower": true,
	"hasLiquids": false,
	"hasItems": true,
	"craftTime": 20,
	"updateEffect": "smeltsmoke",
	"consumes": {
		"power": 1.0,
		"items": {
			"items": [
				{ "item": "iron", "amount": 1 },
				{ "item": "coal", "amount": 2 }
			]
		}
	},
	"requirements": [
		{ "item": "copper", "amount": 100 },
		{ "item": "lead", "amount": 100 },
		{ "item": "iron", "amount": 100 }
	],
	"category": "crafting",
	"research": "graphite-press"
}
