{
	"type": "GenericCrafter",
	"name": "Ammo Factory (Copper Bullets)",
	"description": "Makes different types of ammunition.",
	"outputItem": {"item": "graphite-bullet", "amount": 8},
	"size": 3,
	"hasPower": true,
	"hasLiquids": false,
	"hasItems": true,
	"craftTime": 20,
	"updateEffect": "smeltsmoke",
	"consumes": {
		"power": 1.0,
		"items": {
			"items": [
				{ "item": "bullet-case", "amount": 8 },
				{ "item": "graphite", "amount": 2 }
			]
		}
	},
	"requirements": [
		{ "item": "copper", "amount": 100 },
		{ "item": "lead", "amount": 100 },
		{ "item": "steel", "amount": 100 }
	],
	"category": "crafting",
	"research": "ammo-factory-cases"
}
