{
	"type": "GenericCrafter",
	"name": "Ammo Factory (Cases)",
	"description": "Makes different types of ammunition.",
	"outputItem": {"item": "bullet-case", "amount": 8},
	"size": 3,
	"hasPower": true,
	"hasLiquids": false,
	"hasItems": true,
	"craftTime": 10,
	"updateEffect": "smeltsmoke",
	"consumes": {
		"power": 1.0,
		"items": {
			"items": [
				{ "item": "steel", "amount": 2 }
			]
		}
	},
	"requirements": [
		{ "item": "copper", "amount": 100 },
		{ "item": "lead", "amount": 100 },
		{ "item": "steel", "amount": 100 }
	],
	"category": "crafting",
	"research": "duo"
}
