{
	"type": "GenericCrafter",
	"name": "Assembler (Motor)",
	"description": "Assembles component parts into final products.",
	"liquidCapacity": 50,
	"outputItem": {"item": "motor", "amount": 1},
	"size": 3,
	"hasPower": true,
	"hasLiquids": true,
	"hasItems": true,
	"craftTime": 50,
	"updateEffect": "smeltsmoke",
	"consumes": {
		"power": 1.0,
		"items": {
			"items": [
				{ "item": "iron", "amount": 3 },
				{ "item": "wire", "amount": 5 }
			]
		},
		"liquid": {
			"liquid": "lubricant",
			"amount": 0.5
		}
	},
	"requirements": [
		{ "item": "copper", "amount": 100 },
		{ "item": "lead", "amount": 100 },
		{ "item": "iron", "amount": 100 },
		{ "item": "silicon", "amount": 50 },
		{ "item": "plastic", "amount": 50 }
	],
	"category": "crafting",
	"research": "oil-refinery-lubricant"
}
