{
	"type": "ItemTurret",
	"name": "Gatling Gun",
	"description": "Shoots bullets really fast.",
	"health": 100,
	"size": 1,
	"reload": 6,
	"range": 150,
	"ammoUseEffect": "shellEjectSmall",
	"inaccuracy": 5,
	"rotatespeed": 30,
	"targetAir": false,
	"ammo": {
		"copper-bullet": {
			"speed": 3.0,
			"damage": 7,
			"shootEffect": "shootSmall",
			"smokeEffect": "shootSmallSmoke",
			"lifetime": 70
		},
		"graphite-bullet": {
			"speed": 3.0,
			"damage": 11,
			"shootEffect": "shootSmall",
			"smokeEffect": "shootSmallSmoke",
			"lifetime": 70
		},
		"silicon-bullet": {
			"speed": 3.0,
			"damage": 14,
			"shootEffect": "shootSmall",
			"smokeEffect": "shootSmallSmoke",
			"lifetime": 90,
			"homing-power": 0.01,
			"ammoMultiplier": 1
		}
	},
	"requirements": [
		{ "item": "copper", "amount": 50 },
		{ "item": "steel", "amount": 25 }
	],
	"category": "turret",
	"research": "ammo-factory-copper"
}
