{
	"type": "GenericCrafter",
	"name": "Oil Refinery (Sulfuric Acid)",
	"description": "Seperates oil into its component parts.",
	"liquidCapacity": 50,
	"outputLiquid": {"liquid": "sulfuric-acid", "amount": 1},
	"size": 4,
	"hasPower": true,
	"hasLiquids": true,
	"hasItems": true,
	"craftTime": 20,
	"updateEffect": "smeltsmoke",
	"consumes": {
		"power": 0.9,
		"items": {
			"items": [
				{ "item": "sulfur", "amount": 5}
			]
		},
		"liquid": {
			"liquid": "petroleum",
			"amount": 1.0
		}
	},
	"requirements": [
		{ "item": "copper", "amount": 150 },
		{ "item": "lead", "amount": 150 },
		{ "item": "steel", "amount": 150 },
		{ "item": "silicon", "amount": 70 },
		{ "item": "graphite", "amount": 70 }
	],
	"category": "crafting",
	"research": "oil-refinery-plastic"
}
