{
	"type": "GenericCrafter",
	"name": "Oil Refinery (Petroleum)",
	"description": "Seperates oil into its component parts.",
	"liquidCapacity": 50,
	"outputLiquid": {"liquid": "petroleum", "amount": 1},
	"size": 4,
	"hasPower": true,
	"hasLiquids": true,
	"hasItems": true,
	"craftTime": 10,
	"updateEffect": "smeltsmoke",
	"consumes": {
		"power": 0.9,
		"liquid": {
			"liquid": "oil",
			"amount": 1.0
		}
	},
	"requirements": [
		{ "item": "copper", "amount": 150 },
		{ "item": "lead", "amount": 150 },
		{ "item": "steel", "amount": 150 },
		{ "item": "silicon", "amount": 70 },
		{ "item": "graphite", "amount": 70 }
	],
	"category": "crafting",
	"research": "rotary-pump"
}
