{
	"type": "ItemTurret",
	"name": "Sniper",
	"description": "Takes out ground targets from far away.",
	"health": 100,
	"size": 1,
	"reload": 75,
	"range": 400,
	"ammoUseEffect": "shellEjectSmall",
	"inaccuracy": 1,
	"rotatespeed": 10,
	"targetAir": false,
	"ammo": {
		"copper-bullet": {
			"speed": 8,
			"height": 7,
			"width": 4,
			"damage": 30,
			"shootEffect": "shootSmall",
			"smokeEffect": "shootSmallSmoke",
			"lifetime": 100,
			"ammoMultiplier": 1
		},
		"graphite-bullet": {
			"speed": 8,
			"height": 7,
			"width": 4,
			"damage": 50,
			"shootEffect": "shootSmall",
			"smokeEffect": "shootSmallSmoke",
			"lifetime": 100,
			"ammoMultiplier": 1
		},
		"silicon-bullet": {
			"speed": 8,
			"height": 7,
			"width": 4,
			"damage": 75,
			"shootEffect": "shootSmall",
			"smokeEffect": "shootSmallSmoke",
			"lifetime": 100,
			"ammoMultiplier": 1
		}
	},
	"requirements": [
		{ "item": "copper", "amount": 100 },
		{ "item": "lead", "amount": 100 },
		{ "item": "steel", "amount": 50 }
	],
	"category": "turret",
	"research": "gatling-gun"
}
