{
	"type": "GenericCrafter",
	"name": "Wire Spooler",
	"description": "Spools wire from copper.",
	"liquidCapacity": 50,
	"outputItem": {"item": "wire", "amount": 1.0},
	"size": 3,
	"hasPower": true,
	"hasLiquids": false,
	"craftTime": 10,
	"updateEffect": "smeltsmoke",
	"consumes": {
		"power": 0.6,
		"item": "copper"
	},
	"requirements": [
		{ "item": "copper", "amount": 80 },
		{ "item": "lead", "amount": 80 },
		{ "item": "iron", "amount": 50 },
		{ "item": "silicon", "amount": 20 }
	],
	"category": "crafting",
	"research": "graphite-press"
}
